TDSFU Daily run: Mon Oct 27 15:33:42 UTC 2025 TDSFU
TDSFU Daily run: Tue Oct 28 04:35:12 UTC 2025 TDSFU
TDSFU Daily run: Wed Oct 29 04:40:24 UTC 2025 TDSFU
TDSFU Daily run: Thu Oct 30 04:34:46 UTC 2025 TDSFU
TDSFU Daily run: Fri Oct 31 04:36:53 UTC 2025 TDSFU
TDSFU Daily run: Sat Nov  1 04:33:02 UTC 2025 TDSFU
TDSFU Daily run: Sun Nov  2 04:34:48 UTC 2025 TDSFU
TDSFU Daily run: Mon Nov  3 04:41:25 UTC 2025 TDSFU
TDSFU Daily run: Tue Nov  4 04:35:09 UTC 2025 TDSFU
TDSFU Daily run: Wed Nov  5 04:35:31 UTC 2025 TDSFU
TDSFU Daily run: Thu Nov  6 04:40:58 UTC 2025 TDSFU
TDSFU Daily run: Fri Nov  7 04:34:59 UTC 2025 TDSFU
TDSFU Daily run: Sat Nov  8 04:33:51 UTC 2025 TDSFU
TDSFU Daily run: Sun Nov  9 04:34:28 UTC 2025 TDSFU
TDSFU Daily run: Mon Nov 10 04:39:33 UTC 2025 TDSFU
